Category Name,CategoryID,Product Name,ProductID,Product Image Url,allImageUrls(5<),Product Url,originalPrice($),salePrice($),Commission Rate,Out of Stock Date,Discount,Click url
Dolls & Stuffed Toys,200001725,Cute Pajamas Dress For 18 Inch American Doll Accessory Girl Toy 43 cm Born Baby Clothes Accessories Our Generation,32808869001,https://ae01.alicdn.com/kf/Hda98489c166241f1b84637a58e5efc007/Cute-Pajamas-Dress-For-18-Inch-American-Doll-Accessory-Girl-Toy-43-cm-Born-Baby-Clothes.jpg_220x220.jpg,"https://ae04.alicdn.com/kf/Hda98489c166241f1b84637a58e5efc007.jpg,https://ae04.alicdn.com/kf/H7e06d22dbc2c443ab3a176f4a6ea45e3w.jpg,https://ae04.alicdn.com/kf/Hcfd5c759fe484e28ba7129a3d826cad00.jpg,https://ae04.alicdn.com/kf/Heaf221672db14e93bba30b9aad1e10968.jpg,https://ae04.alicdn.com/kf/H5c13352c16a840e9aeb98759ef8263e06.jpg,",https://www.aliexpress.com/item/32808869001.html,1.13,0.84,8.00%,,26%,https://s.click.aliexpress.com/e/_AfdOO4
Dolls & Stuffed Toys,200001725,Silicone Baby Doll That Look Real Size Bebe Doll Reborn Toddler Girl Toy Very Soft Girl Bebe Bonec,32849780891,https://ae01.alicdn.com/kf/HTB1WvQfnhrI8KJjy0Fpq6z5hVXai/Silicone-Baby-Doll-That-Look-Real-Size-Bebe-Doll-Reborn-Toddler-Girl-Toy-Very-Soft-Girl.jpg_220x220.jpg,"https://ae04.alicdn.com/kf/HTB1WvQfnhrI8KJjy0Fpq6z5hVXai.jpg,https://ae04.alicdn.com/kf/HTB1VBEdnlDH8KJjSspnq6zNAVXac.jpg,https://ae04.alicdn.com/kf/HTB1J.LkngvD8KJjSsplq6yIEFXa8.jpg,https://ae04.alicdn.com/kf/HTB1_GDHnnnI8KJjSszgq6A8ApXaT.jpg,https://ae04.alicdn.com/kf/HTB15y_EndfJ8KJjy0Feq6xKEXXaM.jpg,",https://www.aliexpress.com/item/32849780891.html,95.99,52.79,8.00%,,45%,https://s.click.aliexpress.com/e/_A3RClK
Dolls & Stuffed Toys,200001725,Doll House Furniture Diy Miniature Dust Cover 3D Wooden Miniaturas Dollhouse Toys for Children Birthday Gifts Kitten Diary H16,32762437865,https://ae01.alicdn.com/kf/HTB1XdK1QpXXXXbCaXXXq6xXFXXXS/Doll-House-Furniture-Diy-Miniature-Dust-Cover-3D-Wooden-Miniaturas-Dollhouse-Toys-for-Children-Birthday-Gifts.jpg_220x220.jpg,"https://ae04.alicdn.com/kf/HTB1XdK1QpXXXXbCaXXXq6xXFXXXS.jpg,https://ae04.alicdn.com/kf/HTB1UfK9QpXXXXa0XVXXq6xXFXXXp.jpg,https://ae04.alicdn.com/kf/HTB158W5QpXXXXcbXVXXq6xXFXXXb.jpg,https://ae04.alicdn.com/kf/HTB14BS6QpXXXXcQXVXXq6xXFXXXG.jpg,https://ae04.alicdn.com/kf/HTB1MzVjoYsTMeJjSsziq6AdwXXaJ.jpg,",https://www.aliexpress.com/item/32762437865.html,31.30,14.71,8.00%,,53%,https://s.click.aliexpress.com/e/_AeNxcy
Dolls & Stuffed Toys,200001725,CUTEBEE DIY Doll House Wooden Doll Houses Miniature Dollhouse Furniture Diorama Kit with LED Toys for Children Christmas Gift,32842886804,https://ae01.alicdn.com/kf/HTB1Q6kkNhjaK1RjSZKzq6xVwXXau/CUTEBEE-DIY-Doll-House-Wooden-Doll-Houses-Miniature-Dollhouse-Furniture-Diorama-Kit-with-LED-Toys-for.jpg_220x220.jpg,"https://ae04.alicdn.com/kf/HTB1Q6kkNhjaK1RjSZKzq6xVwXXau.jpg,https://ae04.alicdn.com/kf/HTB1ofFJJCzqK1RjSZPxq6A4tVXaP.jpg,https://ae04.alicdn.com/kf/HTB16_U0truWBuNjSszgq6z8jVXag.jpg,https://ae04.alicdn.com/kf/HTB1yendgRjTBKNjSZFuq6z0HFXaU.jpg,https://ae04.alicdn.com/kf/HTB1862sbBLN8KJjSZFPq6xoLXXaD.jpg,",https://www.aliexpress.com/item/32842886804.html,48.10,26.45,8.00%,,45%,https://s.click.aliexpress.com/e/_9gHCjW
Dolls & Stuffed Toys,200001725,"original Princess dolls, girls toys, birthday gifts bjd blyth dolls",32805600255,https://ae01.alicdn.com/kf/H6a318d87ec4d490d9ba5c1722da0bcdbd/original-Princess-dolls-girls-toys-birthday-gifts-bjd-blyth-dolls.jpg_220x220.jpg,"https://ae04.alicdn.com/kf/H6a318d87ec4d490d9ba5c1722da0bcdbd.jpg,",https://www.aliexpress.com/item/32805600255.html,14.00,11.20,10.00%,,20%,https://s.click.aliexpress.com/e/_AY3Jve
Dolls & Stuffed Toys,200001725,Wholesale Bebe Reborn Silicone Twin Soft Body 55 CM Realistic Princess Doll Baby Toys For Girl Children's Day Birthday Gifts,32848989041,https://ae01.alicdn.com/kf/HTB1IBTAnh6I8KJjSszfq6yZVXXaE/Wholesale-Bebe-Reborn-Silicone-Twin-Soft-Body-55-CM-Realistic-Princess-Doll-Baby-Toys-For-Girl.jpg_220x220.jpg,"https://ae04.alicdn.com/kf/HTB1IBTAnh6I8KJjSszfq6yZVXXaE.jpg,https://ae04.alicdn.com/kf/HTB1kxD9ncjI8KJjSsppq6xbyVXaX.jpg,https://ae04.alicdn.com/kf/HTB1VTsAngfH8KJjy1zcq6ATzpXab.jpg,https://ae04.alicdn.com/kf/HTB1a3k5nh6I8KJjy0Fgq6xXzVXar.jpg,https://ae04.alicdn.com/kf/HTB1EfkrnlDH8KJjy1zeq6xjepXaw.jpg,",https://www.aliexpress.com/item/32848989041.html,54.08,29.74,10.50%,,45%,https://s.click.aliexpress.com/e/_AkTUFI
Dolls & Stuffed Toys,200001725,OtardDolls New handmade Reborn Baby Doll Soft Silicone Vinyl Real Touch Newborn 22''/55cm princess bebe reborn girl toys bonecas,32850278283,https://ae01.alicdn.com/kf/HTB1zPMwnhPI8KJjSspoq6x6MFXak/OtardDolls-New-handmade-Reborn-Baby-Doll-Soft-Silicone-Vinyl-Real-Touch-Newborn-22-55cm-princess-bebe.jpg_220x220.jpg,"https://ae04.alicdn.com/kf/HTB1zPMwnhPI8KJjSspoq6x6MFXak.jpg,https://ae04.alicdn.com/kf/HTB1hQoSnnvI8KJjSspjq6AgjXXaj.jpg,https://ae04.alicdn.com/kf/HTB1stoQeFTM8KJjSZFlq6yO8FXa3.jpg,https://ae04.alicdn.com/kf/H624a6b6d0b87456a9d350b5a06298e340.jpg,https://ae04.alicdn.com/kf/Hddfceb34bb40432691e6a8c6767884b5l.jpg,",https://www.aliexpress.com/item/32850278283.html,106.19,53.09,8.00%,,50%,https://s.click.aliexpress.com/e/_AWxyQM
Dolls & Stuffed Toys,200001725,CUTE ROOM DIY Wooden House Miniaturas with Furniture DIY Miniature House Dollhouse Toys for Children Christmas and Birthday Z09,32831084265,https://ae01.alicdn.com/kf/HTB1TpfvX2JNTKJjSspoq6A6mpXa4/CUTE-ROOM-DIY-Wooden-House-Miniaturas-with-Furniture-DIY-Miniature-House-Dollhouse-Toys-for-Children-Christmas.jpg_220x220.jpg,"https://ae04.alicdn.com/kf/HTB1TpfvX2JNTKJjSspoq6A6mpXa4.jpg,https://ae04.alicdn.com/kf/HTB1J.9faPuhSKJjSspaq6xFgFXaW.jpg,https://ae04.alicdn.com/kf/HTB1WMChaF9gSKJjSspbq6zeNXXa2.jpg,https://ae04.alicdn.com/kf/HTB1TUfsX2xNTKJjy0Fjq6x6yVXaK.jpg,https://ae04.alicdn.com/kf/HTB1VeilhKEJL1JjSZFGq6y6OXXa5.jpg,",https://www.aliexpress.com/item/32831084265.html,32.80,20.34,8.00%,,38%,https://s.click.aliexpress.com/e/_9IoiOk
Dolls & Stuffed Toys,200001725,20 inch full vinyl dolls for girls toys silicone reborn  baby boy Doll 50 CM tiger toy-girl children's birthday gifts for mom,32849816010,https://ae01.alicdn.com/kf/HTB1oUQvd5MnBKNjSZFCq6x0KFXa5/20-inch-full-vinyl-dolls-for-girls-toys-silicone-reborn-baby-boy-Doll-50-CM-tiger.jpg_220x220.jpg,"https://ae04.alicdn.com/kf/HTB1oUQvd5MnBKNjSZFCq6x0KFXa5.jpg,https://ae04.alicdn.com/kf/HTB1C6LnnL9TBuNjy0Fcq6zeiFXaP.jpg,https://ae04.alicdn.com/kf/HTB1n1A_nStYBeNjSspaq6yOOFXad.jpg,https://ae04.alicdn.com/kf/HTB1dRIBd8jTBKNjSZFwq6AG4XXai.jpg,https://ae04.alicdn.com/kf/HTB1uXr1nKuSBuNjSsziq6zq8pXad.jpg,",https://www.aliexpress.com/item/32849816010.html,132.99,66.49,8.00%,,50%,https://s.click.aliexpress.com/e/_AKg8gY
Dolls & Stuffed Toys,200001725,Kawaii Doll High Quality Beautiful Dolls Plush Kids Toys For Children Girls Gifts,32839105333,https://ae01.alicdn.com/kf/HTB1xqRpbHYI8KJjy0Faq6zAiVXaV/Kawaii-Doll-High-Quality-Beautiful-Dolls-Plush-Kids-Toys-For-Children-Girls-Gifts.jpg_220x220.jpg,"https://ae04.alicdn.com/kf/HTB1xqRpbHYI8KJjy0Faq6zAiVXaV.jpg,https://ae04.alicdn.com/kf/HTB1fgNobJrJ8KJjSspaq6xuKpXaz.jpg,https://ae04.alicdn.com/kf/HTB1j4RfbJbJ8KJjy1zjq6yqapXan.jpg,https://ae04.alicdn.com/kf/HTB1IDhwbILJ8KJjy0Fnq6AFDpXaV.jpg,https://ae04.alicdn.com/kf/HTB1Q9VzbSfD8KJjSszhq6zIJFXay.jpg,",https://www.aliexpress.com/item/32839105333.html,16.80,16.80,10.00%,,0%,https://s.click.aliexpress.com/e/_AXXwMg
Dolls & Stuffed Toys,200001725,High Quality Super Kawaii BIG Plush Toy Soft Stuffed Animal Shape DOLL Toys Gifts For Baby,32840092677,https://ae01.alicdn.com/kf/HTB1ru7gXAfb_uJkSnaVq6xFmVXaz/High-Quality-Super-Kawaii-BIG-Plush-Toy-Soft-Stuffed-Animal-Shape-DOLL-Toys-Gifts-For-Baby.jpg_220x220.jpg,"https://ae04.alicdn.com/kf/HTB1ru7gXAfb_uJkSnaVq6xFmVXaz.jpg,https://ae04.alicdn.com/kf/HTB13RTKbILJ8KJjy0Fnq6AFDpXaX.jpg,https://ae04.alicdn.com/kf/HTB1SuZgXzgy_uJjSZSgq6zz0XXaz.jpg,https://ae04.alicdn.com/kf/HTB1aiYAbL2H8KJjy0Fcq6yDlFXa7.jpg,https://ae04.alicdn.com/kf/HTB16JnybInI8KJjSsziq6z8QpXaI.jpg,",https://www.aliexpress.com/item/32840092677.html,21.50,21.50,10.00%,,0%,https://s.click.aliexpress.com/e/_9z8qPA
Dolls & Stuffed Toys,200001725,57cm 2018 new arrival fashion boy dolls toy for kids 22inch  baby original silicone reborn baby toys dolls for /,32850454210,https://ae01.alicdn.com/kf/HTB13caAnv6H8KJjy0Fjq6yXepXa4/57cm-2018-new-arrival-fashion-boy-dolls-toy-for-kids-22inch-baby-original-silicone-reborn-baby.jpg_220x220.jpg,"https://ae04.alicdn.com/kf/HTB13caAnv6H8KJjy0Fjq6yXepXa4.jpg,https://ae04.alicdn.com/kf/HTB1rEWPnv6H8KJjSspmq6z2WXXas.jpg,https://ae04.alicdn.com/kf/HTB1SM4Ce2jM8KJjSZFyq6xdzVXap.jpg,https://ae04.alicdn.com/kf/HTB1QlhLnDnI8KJjSszgq6A8ApXad.jpg,https://ae04.alicdn.com/kf/HTB1icVqnxTI8KJjSspiq6zM4FXam.jpg,",https://www.aliexpress.com/item/32850454210.html,152.99,76.49,8.00%,,50%,https://s.click.aliexpress.com/e/_Aln1Yk
Dolls & Stuffed Toys,200001725,new arrival 2017 school Licca doll body with head girl toys with long hair,32792425827,https://ae01.alicdn.com/kf/HTB1uQ5ePVXXXXbKXpXXq6xXFXXXn/new-arrival-2017-school-Licca-doll-body-with-head-girl-toys-with-long-hair.jpg_220x220.jpg,"https://ae04.alicdn.com/kf/HTB1uQ5ePVXXXXbKXpXXq6xXFXXXn.jpg,https://ae04.alicdn.com/kf/HTB1f0VOPVXXXXX3aXXXq6xXFXXXg.jpg,https://ae04.alicdn.com/kf/HTB1EHpVPVXXXXavaXXXq6xXFXXXN.jpg,https://ae04.alicdn.com/kf/HTB1Gux.PVXXXXbzXFXXq6xXFXXXC.jpg,https://ae04.alicdn.com/kf/HTB1sRxJPVXXXXcWaXXXq6xXFXXXf.jpg,",https://www.aliexpress.com/item/32792425827.html,21.00,16.80,9.00%,,20%,https://s.click.aliexpress.com/e/_AAt0RQ
Dolls & Stuffed Toys,200001725,IVITA WG1512 36cm 1.65kg Full Body Silicone Bebe Reborn Doll with 3 Colors Eye Realistic Girl Baby Toy for Children with Clothes,32584100479,https://ae01.alicdn.com/kf/Hdc134f5bf22d4031a5e1499413072ac88/IVITA-WG1512-36cm-1-65kg-Full-Body-Silicone-Bebe-Reborn-Doll-with-3-Colors-Eye-Realistic.jpg_220x220.jpg,"https://ae04.alicdn.com/kf/Hdc134f5bf22d4031a5e1499413072ac88.jpg,https://ae04.alicdn.com/kf/Hf7cc6955dfb1443fb7f75e6aa65360d8j.jpg,https://ae04.alicdn.com/kf/H23dcabeb79fd40c8af3db3493df7a48fG.jpg,https://ae04.alicdn.com/kf/H14b8d50099034f1a9b5930b3cc78980aZ.jpg,https://ae04.alicdn.com/kf/Hb26acd079f9f49f5b5a79bf5f9bb6736g.jpg,",https://www.aliexpress.com/item/32584100479.html,188.00,109.04,10.50%,,42%,https://s.click.aliexpress.com/e/_A99TT6
Dolls & Stuffed Toys,200001725,Assemble DIY Wooden House Miniaturas with Furniture DIY Miniature House Dollhouse Toys for Children Christmas and Birthday h014,32818559319,https://ae01.alicdn.com/kf/H11100f53a9e146cb99927ee152445db1K/Assemble-DIY-Wooden-House-Miniaturas-with-Furniture-DIY-Miniature-House-Dollhouse-Toys-for-Children-Christmas-and.jpg_220x220.jpg,"https://ae04.alicdn.com/kf/H11100f53a9e146cb99927ee152445db1K.jpg,https://ae04.alicdn.com/kf/He94e57b29e284c2596ac3c8bf41627a5s.jpg,https://ae04.alicdn.com/kf/H03dc26e4b66047a99033623d106918ecU.jpg,https://ae04.alicdn.com/kf/H093918764b3f473dbe746f0cd97c6fd5N.jpg,https://ae04.alicdn.com/kf/H1bf956a22c79442385b3cf45f35b06c7W.jpg,",https://www.aliexpress.com/item/32818559319.html,29.35,14.67,8.00%,,50%,https://s.click.aliexpress.com/e/_A35Efe
Dolls & Stuffed Toys,200001725,1.8/2/2.5/3/3.5/4/5/6mm Black Animal Amigurumi Eyes Plastic Craft Doll Eyes For Crochet Stuffed Toy DIY Accessories Passed EN71,2049753113,https://ae01.alicdn.com/kf/H21a769b0a3f547bcb5895712702889f4J/1-8-2-2-5-3-3-5-4-5-6mm-Black-Animal-Amigurumi-Eyes-Plastic.jpg_220x220.jpg,"https://ae04.alicdn.com/kf/H21a769b0a3f547bcb5895712702889f4J.jpg,https://ae04.alicdn.com/kf/H15e1c7029cc5407783d92f63e85e8cf6Q.jpg,https://ae04.alicdn.com/kf/H21b98abc70964c1b839a7ce1353e34d7v.jpg,https://ae04.alicdn.com/kf/Ha2cbb1787c7a40f5b52c28777232ec99z.jpg,https://ae04.alicdn.com/kf/H37ad2b28f9934931928ea0934f38a74fg.jpg,",https://www.aliexpress.com/item/2049753113.html,0.96,0.91,13.00%,,5%,https://s.click.aliexpress.com/e/_9fPluy
Dolls & Stuffed Toys,200001725,American Reborn Black Doll 12 Inch Handmade Silicone Vinyl Baby Soft Lifelike Newborn Baby Doll Toy Girl Christmas Gift,32845556111,https://ae01.alicdn.com/kf/HTB1xeAeXOLxK1Rjy0Ffq6zYdVXaQ/American-Reborn-Black-Doll-12-Inch-Handmade-Silicone-Vinyl-Baby-Soft-Lifelike-Newborn-Baby-Doll-Toy.jpg_220x220.jpg,"https://ae04.alicdn.com/kf/HTB1xeAeXOLxK1Rjy0Ffq6zYdVXaQ.jpg,https://ae04.alicdn.com/kf/HTB1s15dwtknBKNjSZKPq6x6OFXa5.jpg,https://ae04.alicdn.com/kf/HTB1AmtOXzzuK1RjSspeq6ziHVXaS.jpg,https://ae04.alicdn.com/kf/HTB1x0jodVyZBuNjt_jJq6zDlXXaS.jpg,https://ae04.alicdn.com/kf/HTB1Q4luCgKTBuNkSne1q6yJoXXa7.jpg,",https://www.aliexpress.com/item/32845556111.html,24.98,15.24,8.00%,,39%,https://s.click.aliexpress.com/e/_9gFFr2
Dolls & Stuffed Toys,200001725,Kawaii Stuffed Toy Kids Toys for Girl's Doll Christmas Gift,32838901734,https://ae01.alicdn.com/kf/HTB133yZbDTI8KJjSsphq6AFppXaB/Kawaii-Stuffed-Toy-Kids-Toys-for-Girl-s-Doll-Christmas-Gift.jpg_220x220.jpg,"https://ae04.alicdn.com/kf/HTB133yZbDTI8KJjSsphq6AFppXaB.jpg,https://ae04.alicdn.com/kf/HTB1gTa7bwfH8KJjy1zcq6ATzpXah.jpg,https://ae04.alicdn.com/kf/HTB1BZ92bBHH8KJjy0Fbq6AqlpXaT.jpg,https://ae04.alicdn.com/kf/HTB1VOi9bwnD8KJjy1Xdq6yZsVXaT.jpg,https://ae04.alicdn.com/kf/HTB1XdKVbBDH8KJjSszcq6zDTFXaM.jpg,",https://www.aliexpress.com/item/32838901734.html,13.50,13.50,10.00%,,0%,https://s.click.aliexpress.com/e/_AdhzWY
Dolls & Stuffed Toys,200001725,55cm black skin reborn doll girls toys for children 22inch Toothy / doll baby reborn soft silicone vinyl toys gifts,32848738000,https://ae01.alicdn.com/kf/HTB1aJyyeLfM8KJjSZPfq6zklXXaO/55cm-black-skin-reborn-doll-girls-toys-for-children-22inch-Toothy-doll-baby-reborn-soft-silicone.jpg_220x220.jpg,"https://ae04.alicdn.com/kf/HTB1aJyyeLfM8KJjSZPfq6zklXXaO.jpg,https://ae04.alicdn.com/kf/HTB1wTzulQfb_uJjSsrbq6z6bVXa5.jpg,https://ae04.alicdn.com/kf/HTB19OX8ngDD8KJjy0Fdq6AjvXXar.jpg,https://ae04.alicdn.com/kf/HTB1UjEom8fH8KJjy1Xbq6zLdXXal.jpg,https://ae04.alicdn.com/kf/HTB1Tr4ynlDH8KJjSspnq6zNAVXaG.jpg,",https://www.aliexpress.com/item/32848738000.html,86.99,56.54,8.00%,,35%,https://s.click.aliexpress.com/e/_AKef44
Dolls & Stuffed Toys,200001725,Genuine 40cm/60cm/90cm Kawaii Kids Toys for Hair Girls Doll Children Gift,32840498349,https://ae01.alicdn.com/kf/HTB1pqOYbIbI8KJjy1zdq6ze1VXa1/Genuine-40cm-60cm-90cm-Kawaii-Kids-Toys-for-Hair-Girls-Doll-Children-Gift.jpg_220x220.jpg,"https://ae04.alicdn.com/kf/HTB1pqOYbIbI8KJjy1zdq6ze1VXa1.jpg,https://ae04.alicdn.com/kf/HTB13UGLbRDH8KJjSszcq6zDTFXaR.jpg,https://ae04.alicdn.com/kf/HTB15wS4bH_I8KJjy1Xaq6zsxpXar.jpg,https://ae04.alicdn.com/kf/HTB1WTKZbMfH8KJjy1zcq6ATzpXax.jpg,https://ae04.alicdn.com/kf/HTB1pTRyaP3z9KJjy0Fmq6xiwXXaq.jpg,",https://www.aliexpress.com/item/32840498349.html,18.80,18.80,10.00%,,0%,https://s.click.aliexpress.com/e/_9zatbK
Dolls & Stuffed Toys,200001725,New Arrivals Kawaii Stuffed Doll Toy Beautiful Dolls Plush Children Toys For Girls Christmas Gifts,32839245442,https://ae01.alicdn.com/kf/HTB1OCn0bJzJ8KJjSspkq6zF7VXa0/New-Arrivals-Kawaii-Stuffed-Doll-Toy-Beautiful-Dolls-Plush-Children-Toys-For-Girls-Christmas-Gifts.jpg_220x220.jpg,"https://ae04.alicdn.com/kf/HTB1OCn0bJzJ8KJjSspkq6zF7VXa0.jpg,https://ae04.alicdn.com/kf/HTB1oLXdXyqAXuNjy1Xdq6yYcVXar.jpg,https://ae04.alicdn.com/kf/HTB1rTH0bJzJ8KJjSspkq6zF7VXaE.jpg,https://ae04.alicdn.com/kf/HTB1vAkbbS_I8KJjy0Foq6yFnVXaW.jpg,https://ae04.alicdn.com/kf/HTB1GCz4bN6I8KJjSszfq6yZVXXa0.jpg,",https://www.aliexpress.com/item/32839245442.html,18.50,18.50,10.00%,,0%,https://s.click.aliexpress.com/e/_9Iwfw0
Dolls & Stuffed Toys,200001725,New Arrivals Kawaii Plush Doll Beautiful Dolls Girls Toys For Children Christmas Gifts,32840670063,https://ae01.alicdn.com/kf/HTB1_ZhVbZjI8KJjSsppq6xbyVXan/New-Arrivals-Kawaii-Plush-Doll-Beautiful-Dolls-Girls-Toys-For-Children-Christmas-Gifts.jpg_220x220.jpg,"https://ae04.alicdn.com/kf/HTB1_ZhVbZjI8KJjSsppq6xbyVXan.jpg,https://ae04.alicdn.com/kf/HTB13W8VbZjI8KJjSsppq6xbyVXa3.jpg,https://ae04.alicdn.com/kf/HTB1aMpaaqLN8KJjSZFvq6xW8VXav.jpg,https://ae04.alicdn.com/kf/HTB1WLNVb22H8KJjy0Fcq6yDlFXaP.jpg,https://ae04.alicdn.com/kf/HTB1sjT5aAfb_uJjSsrbq6z6bVXaI.jpg,",https://www.aliexpress.com/item/32840670063.html,24.00,24.00,10.00%,,0%,https://s.click.aliexpress.com/e/_A0I5JS
